Kinect Adventures!,X360,2010,Misc,Microsoft Game Studios,21.86,61,45,6.3,106,E
Call of Duty: Black Ops,X360,2010,Shooter,Activision,14.67,87,89,6.3,1456,M
Call of Duty: Black Ops,PS3,2010,Shooter,Activision,12.64,88,58,6.4,1095,M
Gran Turismo 5,PS3,2010,Racing,Sony Computer Entertainment,10.7,84,82,7.5,1115,E
Halo: Reach,X360,2010,Shooter,Microsoft Game Studios,9.9,91,99,7.9,2053,M
Just Dance 2,Wii,2010,Misc,Ubisoft,9.44,74,24,7.3,24,E10+
Wii Party,Wii,2010,Misc,Nintendo,8.39,68,42,7.5,55,E
Super Mario Galaxy 2,Wii,2010,Platform,Nintendo,7.54,97,87,9.1,1859,E
Red Dead Redemption,PS3,2010,Action,Take-Two Interactive,6.51,95,73,8.9,2475,M
Donkey Kong Country Returns,Wii,2010,Platform,Nintendo,6.47,87,77,8.6,368,E
Red Dead Redemption,X360,2010,Action,Take-Two Interactive,6.35,95,96,9,2327,M
Kinect Sports,X360,2010,Sports,Microsoft Game Studios,6.19,73,51,7.4,95,E10+
Fable III,X360,2010,Role-Playing,Microsoft Game Studios,5.1,80,88,6.5,608,M
FIFA Soccer 11,PS3,2010,Sports,Electronic Arts,5.07,89,51,8,233,E
StarCraft II: Wings of Liberty,PC,2010,Strategy,Activision,4.85,93,82,8.2,3057,T
God of War III,PS3,2010,Action,Sony Computer Entertainment,4.8,92,101,8.7,2647,M
Michael Jackson: The Experience,Wii,2010,Misc,Ubisoft,4.36,56,37,8.3,32,E10+
Fallout: New Vegas,X360,2010,Role-Playing,Bethesda Softworks,4.06,84,81,8.1,775,M
Sports Champions,PS3,2010,Sports,Sony Computer Entertainment,3.85,76,64,7.9,104,E10+
FIFA Soccer 11,X360,2010,Sports,Electronic Arts,3.52,88,66,7.5,155,E
Assassins Creed: Brotherhood,X360,2010,Action,Ubisoft,3.5,89,81,8.3,700,M
Battlefield: Bad Company 2,X360,2010,Shooter,Electronic Arts,3.48,88,75,8.6,870,M
Dance Central,X360,2010,Misc,MTV Games,3.17,82,63,7.6,85,T
Fallout: New Vegas,PS3,2010,Role-Playing,Bethesda Softworks,3.12,82,57,7.8,496,M
Mass Effect 2,X360,2010,Role-Playing,Electronic Arts,3.1,96,98,8.9,3153,M
Heavy Rain,PS3,2010,Adventure,Sony Computer Entertainment,3.03,87,107,7.7,2775,M
Epic Mickey,Wii,2010,Platform,Disney Interactive Studios,3,73,78,7,131,E
Battlefield: Bad Company 2,PS3,2010,Shooter,Electronic Arts,2.95,88,59,8.5,573,M
Assassins Creed: Brotherhood,PS3,2010,Action,Ubisoft,2.82,90,59,8.2,800,M
Medal of Honor,PS3,2010,Shooter,Electronic Arts,2.81,75,56,7.5,285,M
Need for Speed: Hot Pursuit,PS3,2010,Racing,Electronic Arts,2.78,89,59,7.2,301,E10+
Madden NFL 11,X360,2010,Sports,Electronic Arts,2.69,84,47,5.7,120,E
Mario vs. Donkey Kong: Mini-Land Mayhem!,DS,2010,Puzzle,Nintendo,2.67,79,51,7.7,18,E
Skate 3,X360,2010,Sports,Electronic Arts,2.66,80,65,8,128,T
Medal of Honor,X360,2010,Shooter,Electronic Arts,2.62,74,71,6.7,288,M
Art Academy,DS,2010,Misc,Nintendo,2.52,75,15,8,5,E
LEGO Harry Potter: Years 1-4,Wii,2010,Action,Warner Bros. Interactive Entertainment,2.43,79,13,8,34,E10+
pro evolution soccer 2011,PS3,2010,Sports,Konami Digital Entertainment,2.41,77,40,6.8,85,E
Madden NFL 11,PS3,2010,Sports,Electronic Arts,2.39,83,36,6.1,68,E
Zumba Fitness,X360,2010,Sports,505 Games,2.37,42,10,5.5,16,E
LEGO Harry Potter: Years 1-4,DS,2010,Action,Warner Bros. Interactive Entertainment,2.28,72,7,7.2,6,E10+
The Sims 3,X360,2010,Simulation,Electronic Arts,2.28,76,42,7.2,72,T
Need for Speed: Hot Pursuit,X360,2010,Racing,Electronic Arts,2.2,88,73,7,207,E10+
BioShock 2,X360,2010,Shooter,Take-Two Interactive,2.2,88,93,8.2,575,M
Final Fantasy XIII,X360,2010,Role-Playing,Square Enix,2.17,82,54,6.3,543,T
NBA 2K11,X360,2010,Action,Take-Two Interactive,2.1,89,50,8.1,100,E
World of Warcraft: Cataclysm,PC,2010,Role-Playing,Activision,2.08,90,53,5.5,956,T
Mario Sports Mix,Wii,2010,Sports,Nintendo,2.08,64,54,7.1,34,E
Metal Gear Solid: Peace Walker,PSP,2010,Action,Konami Digital Entertainment,2.06,89,66,8.9,445,T
Kirbys Epic Yarn,Wii,2010,Platform,Nintendo,2.06,86,70,8.6,206,E
Kingdom Hearts: Birth by Sleep,PSP,2010,Role-Playing,Square Enix,2.06,82,62,8.5,210,E10+
Tom Clancys Splinter Cell: Conviction,X360,2010,Action,Ubisoft,2.06,85,90,7.7,589,M
Skate 3,PS3,2010,Sports,Electronic Arts,1.99,80,46,7.6,82,T
The Sims 3,PS3,2010,Simulation,Electronic Arts,1.94,78,39,6.4,55,T
Sonic Classic Collection,DS,2010,Platform,Sega,1.83,70,24,7.5,28,E
NBA 2K11,PS3,2010,Action,Take-Two Interactive,1.8,89,46,7.6,107,E
Just Cause 2,PS3,2010,Action,Square Enix,1.75,83,66,8,293,M
Dragon Quest VI: Realms of Revelation,DS,2010,Role-Playing,Nintendo,1.74,78,41,8.2,32,T
The Sims 3: Late Night Expansion Pack,PC,2010,Simulation,Electronic Arts,1.7,74,17,5.3,78,T
Sonic Colors,Wii,2010,Platform,Sega,1.69,78,58,8.5,303,E
Sid Meiers Civilization V,PC,2010,Strategy,Take-Two Interactive,1.68,90,70,7.9,2298,E10+
Call of Duty: Black Ops,PC,2010,Shooter,Activision,1.63,81,29,5.2,1657,M
Kinectimals,X360,2010,Simulation,Microsoft Game Studios,1.62,74,50,3.2,70,E
Just Cause 2,X360,2010,Action,Square Enix,1.6,81,74,8,269,M
LEGO Harry Potter: Years 1-4,X360,2010,Action,Warner Bros. Interactive Entertainment,1.56,79,58,8,62,E10+
Mafia II,X360,2010,Action,Take-Two Interactive,1.55,74,79,7.8,461,M
BioShock 2,PS3,2010,Shooter,Take-Two Interactive,1.54,88,62,8.2,493,M
Star Wars: The Force Unleashed II,PS3,2010,Action,LucasArts,1.5,63,41,6.8,122,T
Dead Rising 2,X360,2010,Action,Capcom,1.49,79,76,6.9,217,M
Mafia II,PS3,2010,Action,Take-Two Interactive,1.49,75,61,7.7,299,M
Super Scribblenauts,DS,2010,Puzzle,Warner Bros. Interactive Entertainment,1.46,81,53,8.2,46,E10+
Star Wars: The Force Unleashed II,X360,2010,Action,LucasArts,1.44,61,59,5.8,181,T
Kinect Joy Ride,X360,2010,Racing,Microsoft Game Studios,1.43,52,46,5,20,E
Dragon Quest Monsters: Joker 2,DS,2010,Role-Playing,Square Enix,1.41,77,33,7.3,15,E
UFC Undisputed 2010,PS3,2010,Fighting,THQ,1.41,85,54,7.2,48,T
Call of Duty: Black Ops,Wii,2010,Shooter,Activision,1.37,80,25,5.8,87,M
Dead Rising 2,PS3,2010,Action,Capcom,1.37,80,54,6.7,178,M
Metroid: Other M,Wii,2010,Action,Nintendo,1.35,79,71,6.5,483,T
F1 2010,PS3,2010,Racing,Codemasters,1.34,84,46,7.8,84,E
Alan Wake,X360,2010,Action,Microsoft Game Studios,1.33,83,100,8.1,1162,T
UFC Undisputed 2010,X360,2010,Fighting,THQ,1.32,84,70,6.7,80,T
LEGO Harry Potter: Years 1-4,PS3,2010,Action,Warner Bros. Interactive Entertainment,1.32,79,42,8,52,E10+
Your Shape: Fitness Evolved,X360,2010,Sports,Ubisoft,1.32,73,32,7.5,25,E
Pokemon Ranger: Guardian Signs,DS,2010,Role-Playing,Nintendo,1.3,68,25,8.3,26,E
Sonic Colors,DS,2010,Platform,Sega,1.29,79,26,7.9,68,E
EA Sports Active 2,Wii,2010,Sports,Electronic Arts,1.26,79,8,8.1,22,E
Football Manager 2011,PC,2010,Sports,Sega,1.26,85,23,8.4,79,E
2010 FIFA World Cup South Africa,PS3,2010,Sports,Electronic Arts,1.23,82,56,7.8,58,E
Naruto Shippuden: Ultimate Ninja Storm 2,PS3,2010,Fighting,Namco Bandai Games,1.21,76,34,8.3,131,T
FIFA Soccer 11,PSP,2010,Sports,Electronic Arts,1.2,68,6,5.4,9,E
Fallout: New Vegas,PC,2010,Role-Playing,Bethesda Softworks,1.17,84,39,8.6,2779,M
Sniper: Ghost Warrior,X360,2010,Shooter,City Interactive,1.16,45,39,5.8,89,M
ModNation Racers,PS3,2010,Racing,Sony Computer Entertainment,1.12,82,85,8.4,202,E
Crackdown 2,X360,2010,Shooter,Microsoft Game Studios,1.12,70,91,6,202,M
Castlevania: Lords of Shadow,PS3,2010,Action,Konami Digital Entertainment,1.1,85,62,7.9,472,M
Sonic Free Riders,X360,2010,Racing,Sega,1.09,47,52,2.1,98,E
WWE SmackDown vs. Raw 2011,PS3,2010,Fighting,THQ,1.09,74,42,6.9,42,T
Dantes Inferno,PS3,2010,Action,Electronic Arts,1.08,75,69,7.5,267,M
FIFA Soccer 11,Wii,2010,Sports,Electronic Arts,1.07,73,17,7.3,8,E
Aliens vs Predator,X360,2010,Shooter,Sega,1.06,64,64,7.3,247,M
Darksiders,X360,2010,Action,THQ,1.06,83,81,7.9,293,M
Aliens vs Predator,PS3,2010,Shooter,Sega,1.04,65,57,7.3,169,M
Dance on Broadway,Wii,2010,Misc,Ubisoft,1.02,48,6,3.3,4,E10+
God of War: Ghost of Sparta,PSP,2010,Action,Sony Computer Entertainment,1,86,73,8.4,256,M
Tales of Graces f,PS3,2010,Role-Playing,Namco Bandai Games,0.98,77,55,8.2,336,T
Guitar Hero: Warriors of Rock,Wii,2010,Misc,Activision,0.96,77,26,7.6,18,T
Army of Two: The 40th Day,X360,2010,Shooter,Electronic Arts,0.95,73,79,7.3,126,M
Yakuza 4,PS3,2010,Action,Sega,0.95,78,59,8,179,M
Lost Planet 2,PS3,2010,Shooter,Capcom,0.95,68,56,6.9,62,T
Kingdom Hearts Re:coded,DS,2010,Role-Playing,Square Enix,0.93,66,58,6.9,77,E10+
NCAA Football 11,X360,2010,Sports,Electronic Arts,0.92,86,29,7.1,70,E
Dantes Inferno,X360,2010,Action,Electronic Arts,0.92,73,71,7.7,225,M
EA Sports Active 2,PS3,2010,Sports,Electronic Arts,0.92,78,20,5.4,14,E
Xenoblade Chronicles,Wii,2010,Role-Playing,Nintendo,0.91,92,59,8.9,957,T
F1 2010,X360,2010,Racing,Codemasters,0.88,84,43,7.5,65,E
Rock Band 3,X360,2010,Misc,MTV Games,0.88,93,57,8.2,137,T
WWE SmackDown vs. Raw 2011,X360,2010,Fighting,THQ,0.88,75,49,7.6,45,T
Guitar Hero: Warriors of Rock,X360,2010,Misc,Activision,0.86,72,65,6.5,53,T
2010 FIFA World Cup South Africa,X360,2010,Sports,Electronic Arts,0.85,83,61,8.1,58,E
NCAA Football 11,PS3,2010,Sports,Electronic Arts,0.85,85,22,7.4,25,E
Army of Two: The 40th Day,PS3,2010,Shooter,Electronic Arts,0.85,74,56,7,88,M
Tiger Woods PGA Tour 11,PS3,2010,Sports,Electronic Arts,0.83,78,40,6.7,17,E
DJ Hero 2,X360,2010,Misc,Activision,0.83,86,66,7.9,23,T
Dragon Ball: Raging Blast 2,PS3,2010,Fighting,Namco Bandai Games,0.81,60,27,7.5,63,T
Guitar Hero: Warriors of Rock,PS3,2010,Misc,Activision,0.81,74,46,7.1,30,T
pro evolution soccer 2011,PSP,2010,Sports,Konami Digital Entertainment,0.79,74,10,5.8,5,E
Golden Sun: Dark Dawn,DS,2010,Role-Playing,Nintendo,0.79,79,63,8.1,87,E10+
Naruto Shippuden: Ultimate Ninja Storm 2,X360,2010,Fighting,Namco Bandai Games,0.78,74,31,8.5,39,T
Star Wars: The Force Unleashed II,Wii,2010,Action,LucasArts,0.76,71,10,7.8,31,T
DJ Hero 2,PS3,2010,Misc,Activision,0.76,86,46,7.9,23,T
Lost Planet 2,X360,2010,Shooter,Capcom,0.76,68,63,6.1,102,T
Raving Rabbids: Travel in Time,Wii,2010,Adventure,Ubisoft,0.75,62,24,7.6,14,E10+
Resonance of Fate,PS3,2010,Role-Playing,Sega,0.73,72,42,8,136,T
NHL 11,X360,2010,Sports,Electronic Arts,0.73,88,49,7.7,71,E10+
Madden NFL 11,Wii,2010,Sports,Electronic Arts,0.73,75,6,5.4,7,E
MLB 10: The Show,PS3,2010,Sports,Sony Computer Entertainment,0.73,91,33,8.3,107,E
Monopoly Streets,Wii,2010,Misc,Electronic Arts,0.72,65,9,5.2,5,E
Star Ocean: The Last Hope International,PS3,2010,Role-Playing,Square Enix,0.72,74,45,6.7,155,T
Blur,PS3,2010,Racing,Activision,0.72,81,58,8.2,86,E10+
Battlefield: Bad Company 2,PC,2010,Shooter,Electronic Arts,0.72,87,46,8.3,1476,M
James Bond 007: Blood Stone,PS3,2010,Shooter,Activision,0.7,65,49,7.4,46,T
MotionSports,X360,2010,Sports,Ubisoft,0.69,40,30,4,10,T
Prince of Persia: The Forgotten Sands,PS3,2010,Action,Ubisoft,0.69,75,49,7.5,122,T
The Sly Collection,PS3,2010,Platform,Sony Computer Entertainment,0.68,85,46,8.8,172,E10+
The Sims 3,DS,2010,Simulation,Electronic Arts,0.67,73,9,6.4,20,E
Napoleon: Total War,PC,2010,Strategy,Sega,0.67,81,56,7.9,517,T
Fossil Fighters: Champions,DS,2010,Role-Playing,Nintendo,0.67,68,8,7.1,11,E
Castlevania: Lords of Shadow,X360,2010,Action,Konami Digital Entertainment,0.66,83,70,7.8,239,M
Gods Eater Burst,PSP,2010,Action,Namco Bandai Games,0.66,71,30,7.9,35,T
Fist of the North Star: Kens Rage,PS3,2010,Action,Ubisoft Annecy,0.66,60,30,6.9,29,M
Sengoku Basara: Samurai Heroes,PS3,2010,Action,Capcom,0.64,61,37,7.9,29,T
Dragon Ball: Raging Blast 2,X360,2010,Fighting,Namco Bandai Games,0.64,57,33,7.4,31,T
Rock Band 3,Wii,2010,Misc,MTV Games,0.63,91,10,6.9,36,T
White Knight Chronicles II,PS3,2010,Role-Playing,Sony Computer Entertainment,0.63,60,45,7.2,65,T
Red Steel 2,Wii,2010,Shooter,Ubisoft,0.62,80,73,8.5,179,T
DJ Hero 2,Wii,2010,Misc,Activision,0.62,88,20,7.5,17,T
Prince of Persia: The Forgotten Sands,X360,2010,Action,Ubisoft,0.62,74,69,7.8,112,T
NieR,PS3,2010,Role-Playing,Square Enix,0.62,68,58,8.4,268,M
Vanquish,PS3,2010,Shooter,Sega,0.61,84,61,8.1,305,M
pro evolution soccer 2011,X360,2010,Sports,Konami Digital Entertainment,0.61,79,43,5.9,33,E
Pac-Man Party,Wii,2010,Misc,Namco Bandai Games,0.61,59,14,5.9,8,E10+
Fighters Uncaged,X360,2010,Fighting,Ubisoft,0.6,32,38,4.6,23,T
Split/Second,X360,2010,Racing,Disney Interactive Studios,0.6,82,78,8.1,101,E10+
NHL 11,PS3,2010,Sports,Electronic Arts,0.59,88,38,7.1,54,E10+
Silent Hill: Shattered Memories,PS2,2010,Action,Konami Digital Entertainment,0.59,77,8,6.8,83,M
Blur,X360,2010,Racing,Activision,0.59,82,78,8.3,169,E10+
The Fight: Lights Out,PS3,2010,Fighting,Sony Computer Entertainment,0.59,48,39,7.5,77,T
Game Party in Motion,X360,2010,Misc,Warner Bros. Interactive Entertainment,0.58,33,6,3.7,9,E
Call of Duty: Black Ops,DS,2010,Shooter,Activision,0.58,74,13,6,54,T
Rock Band 3,PS3,2010,Misc,MTV Games,0.57,91,34,8,95,T
Harvest Moon: The Tale of Two Towns,DS,2010,Simulation,Natsume,0.56,68,6,7.5,13,E
Tetris Party Deluxe,Wii,2010,Puzzle,Nintendo,0.56,72,19,5.8,4,E
Enslaved: Odyssey to the West,PS3,2010,Action,Namco Bandai Games,0.55,80,53,7.5,313,T
Assassins Creed II,PC,2010,Action,Ubisoft,0.55,86,22,6.9,1625,M
Enslaved: Odyssey to the West,X360,2010,Action,Namco Bandai Games,0.54,82,72,7.8,297,T
Dynasty Warriors: Gundam 3,PS3,2010,Action,Tecmo Koei,0.54,58,18,7.5,20,T
Tiger Woods PGA Tour 11,Wii,2010,Sports,Electronic Arts,0.54,84,29,8.3,23,E
Metro 2033,X360,2010,Shooter,THQ,0.54,77,83,7.8,354,M
Harry Potter and the Deathly Hallows - Part 1,Wii,2010,Action,Electronic Arts,0.54,41,8,5,11,T
Time Crisis: Razing Storm,PS3,2010,Shooter,Namco Bandai Games,0.54,58,49,5.9,15,T
Valkyria Chronicles II,PSP,2010,Role-Playing,Sega,0.53,83,54,8.1,67,T
Tatsunoko vs. Capcom: Ultimate All-Stars,Wii,2010,Fighting,Capcom,0.53,85,62,8.8,85,T
Tactics Ogre: Let Us Cling Together,PSP,2010,Role-Playing,Square Enix,0.53,87,49,8.7,102,T
ModNation Racers,PSP,2010,Racing,Sony Computer Entertainment,0.53,73,22,7.7,22,E
Tiger Woods PGA Tour 11,X360,2010,Sports,Electronic Arts,0.52,79,51,7.8,19,E
SingStar Dance,PS3,2010,Misc,Sony Computer Entertainment,0.52,65,21,3.9,8,T
The 3rd Birthday,PSP,2010,Role-Playing,Square Enix,0.51,71,56,6.1,113,M
Major League Baseball 2K10,X360,2010,Sports,Take-Two Interactive,0.51,76,26,7.6,38,E
Alice in Wonderland,Wii,2010,Adventure,Disney Interactive Studios,0.51,69,18,7.4,13,E10+
R.U.S.E.,PS3,2010,Strategy,Ubisoft,0.5,76,37,7.3,50,T
Medal of Honor,PC,2010,Shooter,Electronic Arts,0.49,72,26,6.4,518,M
James Bond 007: Blood Stone,X360,2010,Shooter,Activision,0.47,62,66,7.1,63,T
FlingSmash,Wii,2010,Action,Nintendo,0.47,48,26,6.8,13,E
2010 FIFA World Cup South Africa,PSP,2010,Sports,Electronic Arts,0.47,69,11,7.4,9,E
The Sims 3: Ambitions,PC,2010,Simulation,Electronic Arts,0.46,74,25,7.3,51,T
Need for Speed: Hot Pursuit,Wii,2010,Racing,Electronic Arts,0.46,50,8,3.7,18,E10+
Harry Potter and the Deathly Hallows - Part 1,X360,2010,Action,Electronic Arts,0.45,38,42,5,46,T
Disney Guilty Party,Wii,2010,Misc,Disney Interactive Studios,0.45,78,13,8,4,E
SOCOM: U.S. Navy SEALs Fireteam Bravo 3,PSP,2010,Shooter,Sony Computer Entertainment,0.44,74,51,8,20,T
Spider-Man: Shattered Dimensions,PS3,2010,Action,Activision,0.44,74,57,7.5,97,T
Hyperdimension Neptunia,PS3,2010,Role-Playing,Tecmo Koei,0.43,45,31,7,148,T
Naughty Bear,PS3,2010,Action,505 Games,0.43,43,31,5.5,49,T
OkamiDen,DS,2010,Adventure,Capcom,0.43,82,48,7.9,53,E10+
Alpha Protocol,PS3,2010,Role-Playing,Sega,0.43,64,49,6.9,117,M
Atelier Totori: The Adventurer of Arland,PS3,2010,Role-Playing,Nippon Ichi Software,0.42,74,19,6.7,109,T
2010 FIFA World Cup South Africa,Wii,2010,Sports,Electronic Arts,0.42,70,19,6.7,11,E
How to Train Your Dragon,Wii,2010,Action,Activision,0.42,59,11,7,4,E10+
NHL Slapshot,Wii,2010,Sports,Electronic Arts,0.42,76,25,8.1,7,E
TRON: Evolution,PS3,2010,Action,Disney Interactive Studios,0.42,58,47,6.2,28,T
Vanquish,X360,2010,Shooter,Sega,0.42,84,70,8.4,183,M
Tom Clancys HAWX 2,PS3,2010,Action,Ubisoft,0.41,70,30,6.8,19,T
Football Manager Handheld 2011,PSP,2010,Sports,Sega,0.41,77,5,7.7,6,E
Green Day: Rock Band,PS3,2010,Misc,MTV Games,0.41,76,41,6.3,24,T
Harry Potter and the Deathly Hallows - Part 1,DS,2010,Action,Electronic Arts,0.41,56,6,6,4,E10+
Green Day: Rock Band,X360,2010,Misc,MTV Games,0.41,75,54,6.6,32,T
BlazBlue: Continuum Shift,PS3,2010,Fighting,PQube,0.41,87,29,8,65,T
Naughty Bear,X360,2010,Action,505 Games,0.4,43,51,5.6,70,T
NBA Jam,Wii,2010,Sports,Electronic Arts,0.4,79,43,8.5,20,E
Mafia II,PC,2010,Action,Take-Two Interactive,0.4,77,46,7.9,1253,M
NBA Jam,PS3,2010,Sports,Electronic Arts,0.4,71,33,5.7,14,E
No More Heroes 2: Desperate Struggle,Wii,2010,Action,Rising Star Games,0.39,84,68,8.8,184,M
Harry Potter and the Deathly Hallows - Part 1,PS3,2010,Action,Electronic Arts,0.39,38,27,2.8,23,T
Mass Effect 2,PC,2010,Role-Playing,Electronic Arts,0.39,94,55,8.8,3585,M
NBA Jam,X360,2010,Sports,Electronic Arts,0.39,75,30,7,24,E
Alpha Protocol,X360,2010,Role-Playing,Sega,0.39,63,68,7.2,201,M
Iron Man 2,PS3,2010,Action,Sega,0.39,41,28,5.2,36,T
Monopoly Streets,PS3,2010,Misc,Electronic Arts,0.39,64,11,6.1,9,E
EA Sports Active 2,X360,2010,Sports,Electronic Arts,0.39,68,21,5.4,9,E
Ghost Trick: Phantom Detective,DS,2010,Adventure,Capcom,0.38,83,60,9,127,T
Get Fit with Mel ,PS3,2010,Sports,Black Bean Games,0.38,73,4,5.8,4,E
Need for Speed: Hot Pursuit,PC,2010,Racing,Electronic Arts,0.37,86,14,6.7,559,E10+
EA Sports MMA,PS3,2010,Fighting,Electronic Arts,0.37,77,47,6.9,38,T
Prince of Persia: The Forgotten Sands,PSP,2010,Action,Ubisoft,0.37,65,10,7.4,14,T
Green Day: Rock Band,Wii,2010,Misc,MTV Games,0.36,76,12,8.8,11,T
Tom Clancys HAWX 2,X360,2010,Action,Ubisoft,0.36,68,57,6.3,29,T
Spider-Man: Shattered Dimensions,X360,2010,Action,Activision,0.36,76,68,7.6,98,T
Dark Void,PS3,2010,Action,Capcom,0.35,59,50,6,36,T
EA Sports MMA,X360,2010,Fighting,Electronic Arts,0.35,79,63,7,55,T
Tropico 4,X360,2010,Strategy,Kalypso Media,0.35,77,18,7.5,37,T
Supreme Commander 2,X360,2010,Strategy,Square Enix,0.34,75,28,7.1,23,E10+
Racquet Sports,PS3,2010,Sports,Ubisoft,0.34,45,17,4.3,8,E
The Shoot,PS3,2010,Shooter,Sony Computer Entertainment,0.34,60,39,6.2,11,T
Cabelas Dangerous Hunts 2011,PS3,2010,Sports,Activision,0.33,60,4,5.4,9,T
Resonance of Fate,X360,2010,Role-Playing,Sega,0.33,74,43,7.8,97,T
Def Jam Rapstar,PS3,2010,Misc,Konami Digital Entertainment,0.33,75,25,6.3,4,T
Lord of Arcana,PSP,2010,Role-Playing,Square Enix,0.33,53,45,5.5,21,M
DECA Sports Freedom,X360,2010,Sports,Hudson Soft,0.33,26,16,3.7,9,E10+
Iron Man 2,Wii,2010,Action,Sega,0.32,41,11,4.6,12,T
Singularity,X360,2010,Shooter,Activision,0.32,76,70,7.7,170,M
Army of Two: The 40th Day,PSP,2010,Shooter,Electronic Arts,0.32,49,11,6,32,M
Fate/Extra,PSP,2010,Role-Playing,Marvelous Interactive,0.32,58,10,8.1,39,T
BlazBlue: Continuum Shift,X360,2010,Fighting,PQube,0.31,85,32,8.7,26,T
Etrian Odyssey III: The Drowned City,DS,2010,Role-Playing,Atlus,0.31,77,23,8,21,E10+
The Settlers 7: Paths to a Kingdom,PC,2010,Strategy,Ubisoft,0.31,79,33,5.2,214,E10+
Dark Void,X360,2010,Action,Capcom,0.31,59,69,6,61,T
Clash of the Titans,PS3,2010,Action,Namco Bandai Games,0.31,41,28,1.7,17,T
Mega Man Zero Collection,DS,2010,Platform,Capcom,0.31,78,15,8.9,39,E
TRON: Evolution,X360,2010,Action,Disney Interactive Studios,0.31,58,51,5.8,42,T
Silent Hill: Shattered Memories,PSP,2010,Action,Konami Digital Entertainment,0.3,73,28,7.5,44,M
Def Jam Rapstar,X360,2010,Misc,Konami Digital Entertainment,0.3,74,36,5.4,9,T
Radiant Historia,DS,2010,Role-Playing,Atlus,0.29,85,30,9,82,E10+
Batman: The Brave and the Bold the Videogame,DS,2010,Action,Warner Bros. Interactive Entertainment,0.29,74,14,8,8,E10+
MySims SkyHeroes,Wii,2010,Action,Electronic Arts,0.29,67,9,5.2,5,E10+
ExerBeat,Wii,2010,Sports,Namco Bandai Games,0.29,60,9,7.6,5,E
Front Mission Evolved,PS3,2010,Shooter,Square Enix,0.29,58,42,6,31,T
NieR,X360,2010,Role-Playing,Square Enix,0.29,67,60,8.3,128,M
Ace Combat: Joint Assault,PSP,2010,Simulation,Namco Bandai Games,0.29,71,30,7.2,12,T
Sengoku Basara: Samurai Heroes,Wii,2010,Action,Capcom,0.29,65,18,8.8,13,T
Majin and the Forsaken Kingdom,PS3,2010,Adventure,Namco Bandai Games,0.29,72,49,7.9,35,T
Dead to Rights: Retribution,PS3,2010,Shooter,Namco Bandai Games,0.28,60,44,5.9,27,M
Tony Hawk: Shred,PS3,2010,Sports,Activision,0.28,56,5,6.7,6,E
Monopoly Streets,X360,2010,Misc,Electronic Arts,0.28,66,18,6.6,16,E
Iron Man 2,X360,2010,Action,Sega,0.27,41,35,5.9,54,T
Transformers: Cybertron Adventures,Wii,2010,Action,Activision,0.27,41,15,6.5,8,T
NHL 2K11,Wii,2010,Sports,Take-Two Interactive,0.27,62,12,5.8,4,E10+
R.U.S.E.,PC,2010,Strategy,Ubisoft,0.27,76,33,8.1,177,T
R.U.S.E.,X360,2010,Strategy,Ubisoft,0.27,78,45,7,38,T
Plants vs. Zombies,X360,2010,Strategy,PopCap Games,0.26,89,27,8.2,161,E10+
Americas Test Kitchen: Lets Get Cooking,DS,2010,Simulation,Nintendo,0.26,87,4,5.6,9,E
Deadly Premonition,X360,2010,Action,Rising Star Games,0.26,68,39,8.2,332,M
Dragon Ball Z: Tenkaichi Tag Team,PSP,2010,Fighting,Namco Bandai Games,0.26,63,22,8.6,20,T
Tony Hawk: Shred,X360,2010,Sports,Activision,0.26,53,10,6.6,10,E
Silent Hunter 5: Battle of the Atlantic,PC,2010,Simulation,Ubisoft,0.25,62,26,3.5,104,T
Prison Break: The Conspiracy,PS3,2010,Action,Deep Silver,0.25,42,33,3.8,20,T
TV Superstars,PS3,2010,Misc,Sony Computer Entertainment,0.25,56,17,4.9,8,E
Michael Jackson: The Experience,DS,2010,Misc,Ubisoft,0.25,64,5,6.6,5,E10+
Racquet Sports,Wii,2010,Sports,Ubisoft,0.24,51,8,8.6,15,E
Percy Jackson and the Olympians: The Lightning Thief,DS,2010,Role-Playing,Activision,0.24,56,6,6.9,12,E10+
BioShock 2,PC,2010,Shooter,Take-Two Interactive,0.24,88,36,8,1258,M
Metro 2033,PC,2010,Shooter,THQ,0.24,81,40,8.1,1478,M
Singularity,PS3,2010,Shooter,Activision,0.24,77,48,7.7,100,M
Spider-Man: Shattered Dimensions,Wii,2010,Action,Activision,0.24,75,13,7.7,15,T
Pure Futbol,PS3,2010,Sports,Ubisoft,0.24,46,12,7.5,30,E
Ar tonelico Qoga: Knell of Ar Ciel,PS3,2010,Role-Playing,Tecmo Koei,0.24,61,27,5.4,101,M
Prince of Persia: The Forgotten Sands,Wii,2010,Action,Ubisoft,0.23,77,24,8.1,31,T
The Lord of the Rings: Aragorns Quest,Wii,2010,Action,Warner Bros. Interactive Entertainment,0.23,58,21,7.8,5,T
TrackMania: Build to Race,Wii,2010,Racing,Focus Home Interactive,0.23,74,17,6.8,5,E
pro evolution soccer 2011,Wii,2010,Sports,Konami Digital Entertainment,0.22,78,9,5.4,7,E
MotoGP 09/10,PS3,2010,Racing,Capcom,0.22,70,42,5.4,28,E
Hot Shots Tennis: Get a Grip,PSP,2010,Sports,Sony Computer Entertainment,0.22,80,27,8,17,E
Star Wars: The Force Unleashed II,DS,2010,Action,LucasArts,0.22,43,5,4,5,T
SBK X: Superbike World Championship,PS3,2010,Racing,Black Bean Games,0.21,73,4,7.5,4,E10+
UFC Undisputed 2010,PSP,2010,Fighting,THQ,0.21,74,27,7,13,T
MLB 10: The Show,PSP,2010,Sports,Sony Computer Entertainment,0.21,79,11,6.6,8,E
Prison Break: The Conspiracy,X360,2010,Action,Deep Silver,0.21,40,37,4.7,19,T
The Last Airbender,Wii,2010,Action,THQ,0.21,53,4,6.6,5,T
Dead to Rights: Retribution,X360,2010,Shooter,Namco Bandai Games,0.21,61,64,7,34,M
Kung Fu Rider,PS3,2010,Action,Sony Computer Entertainment,0.2,36,45,3.7,21,E10+
WRC: FIA World Rally Championship,PS3,2010,Racing,Black Bean Games,0.2,68,24,4.5,4,
DarkStar One: Broken Alliance,X360,2010,Simulation,Kalypso Media,0.2,63,33,7.2,19,T
Body and Brain Connection,X360,2010,Misc,Namco Bandai Games,0.2,57,33,4.8,4,E
Front Mission Evolved,X360,2010,Shooter,Square Enix,0.2,58,52,6.1,24,T
Apache: Air Assault,PS3,2010,Simulation,Activision,0.2,66,17,6.1,12,T
DanceMasters,X360,2010,Misc,Konami Digital Entertainment,0.2,63,30,6.4,8,E10+
Solatorobo: Red the Hunter,DS,2010,Role-Playing,Nintendo,0.2,76,40,8,24,E10+
No More Heroes: Heroes Paradise,PS3,2010,Action,Konami Digital Entertainment,0.19,72,38,7.3,38,M
Aliens vs Predator,PC,2010,Shooter,Sega,0.19,68,35,7.4,986,M
Dantes Inferno,PSP,2010,Action,Electronic Arts,0.19,70,14,8.1,46,M
Shaun White Skateboarding,PS3,2010,Sports,Ubisoft,0.19,61,26,6.5,8,T
Shrek: Forever After,PS3,2010,Platform,Activision,0.19,57,11,4.5,6,E10+
Supreme Commander 2,PC,2010,Strategy,Square Enix,0.19,77,54,6.2,803,E10+
Quantum Theory,PS3,2010,Shooter,Tecmo Koei,0.19,43,34,5.3,21,M
Majin and the Forsaken Kingdom,X360,2010,Adventure,Namco Bandai Games,0.19,74,46,8.1,24,T
Spider-Man: Shattered Dimensions,DS,2010,Action,Activision,0.19,73,13,7,6,E10+
NBA 2K11,PC,2010,Action,Take-Two Interactive,0.19,82,6,8.6,37,E
Major League Baseball 2K10,PS3,2010,Sports,Take-Two Interactive,0.19,74,19,5.3,4,E
Arcania: Gothic 4,PC,2010,Role-Playing,JoWood Productions,0.19,63,25,4.4,309,T
SBK X: Superbike World Championship,X360,2010,Racing,Black Bean Games,0.19,74,13,8.3,8,E10+
CSI: Fatal Conspiracy,PS3,2010,Adventure,Ubisoft,0.18,39,5,5.6,13,M
Dead or Alive Paradise,PSP,2010,Misc,Ubisoft Annecy,0.18,38,34,5.6,37,M
The Last Airbender,DS,2010,Action,THQ,0.18,69,6,7,4,E10+
Pure Futbol,X360,2010,Sports,Ubisoft,0.18,38,20,7.9,29,E
World of Outlaws: Sprint Cars,X360,2010,Racing,THQ,0.18,57,4,8.1,10,E
Ben 10 Ultimate Alien: Cosmic Destruction,X360,2010,Platform,D3Publisher,0.18,51,5,5.3,4,E10+
FIFA Soccer 11,PC,2010,Sports,Electronic Arts,0.18,83,16,7.7,102,E
Splatterhouse,X360,2010,Action,Namco Bandai Games,0.18,62,51,7.6,60,M
How to Train Your Dragon,PS3,2010,Action,Activision,0.18,51,18,7,6,E10+
Dynasty Warriors: Gundam 3,X360,2010,Action,Tecmo Koei,0.18,65,27,7.8,20,T
Trauma Team,Wii,2010,Simulation,Atlus,0.17,82,29,8.8,25,T
The Lord of the Rings: Aragorns Quest,PS3,2010,Action,Warner Bros. Interactive Entertainment,0.17,58,12,6,8,T
MotoGP 09/10,X360,2010,Racing,Capcom,0.17,69,41,5.7,41,E
CSI: Fatal Conspiracy,X360,2010,Adventure,Ubisoft,0.17,42,9,4.8,4,M
Naval Assault: The Killing Tide,X360,2010,Simulation,505 Games,0.17,40,11,4.2,5,T
Clash of the Titans,X360,2010,Action,Namco Bandai Games,0.16,42,31,4,17,T
Splatterhouse,PS3,2010,Action,Namco Bandai Games,0.16,59,49,7.7,68,M
Apache: Air Assault,X360,2010,Simulation,Activision,0.16,70,26,6.4,31,T
Create,PS3,2010,Action,Electronic Arts,0.16,61,23,5.2,5,E
Shaun White Skateboarding,X360,2010,Sports,Ubisoft,0.16,61,34,5.3,7,T
Sniper: Ghost Warrior,PC,2010,Shooter,City Interactive,0.16,55,23,5.5,267,M
Fist of the North Star: Kens Rage,X360,2010,Action,Ubisoft Annecy,0.16,59,38,7.3,23,M
Lufia: Curse of the Sinistrals,DS,2010,Role-Playing,Square Enix,0.15,80,8,8,13,E10+
Marvel Super Hero Squad: The Infinity Gauntlet,X360,2010,Action,THQ,0.15,55,10,6.3,6,E10+
Prince of Persia: The Forgotten Sands,DS,2010,Action,Ubisoft,0.15,57,7,6.3,6,E10+
Darksiders,PC,2010,Action,THQ,0.15,83,18,7.7,609,M
Megamind: Ultimate Showdown,PS3,2010,Action,THQ,0.15,43,5,4.2,6,E10+
High Velocity Bowling,PS3,2010,Sports,Sony Computer Entertainment,0.15,66,14,8.1,23,E10+
Ys: The Oath in Felghana,PSP,2010,Role-Playing,Falcom Corporation,0.15,80,25,8.3,57,T
Record of Agarest War 2,PS3,2010,Role-Playing,Compile Heart,0.14,56,6,7.2,36,T
Bejeweled 3,PS3,2010,Puzzle,PopCap Games,0.14,76,5,8.2,5,E
Power Gig: Rise of the SixString,PS3,2010,Misc,Unknown,0.14,36,10,0.5,4,T
TRINITY: Souls of Zill Oll,PS3,2010,Role-Playing,Ubisoft Annecy,0.14,55,34,6.2,33,T
Bejeweled 3,X360,2010,Puzzle,PopCap Games,0.14,78,13,8.4,11,E
How to Train Your Dragon,X360,2010,Action,Activision,0.14,58,23,7.6,10,E10+
Dead Rising 2,PC,2010,Action,Capcom,0.14,78,17,6.3,213,M
Create,X360,2010,Action,Electronic Arts,0.14,60,19,5.8,10,E
Divinity II: The Dragon Knight Saga,X360,2010,Role-Playing,Focus Home Interactive,0.13,72,13,7.8,50,M
Venetica,X360,2010,Role-Playing,DTP Entertainment,0.13,42,14,7.3,18,T
Naruto Shippuden: Kizuna Drive,PSP,2010,Action,Namco Bandai Games,0.13,57,22,5,6,T
Just Cause 2,PC,2010,Action,Square Enix,0.12,84,33,7.7,842,M
Gladiator Begins,PSP,2010,Action,PQube,0.12,59,9,8,14,M
Record of Agarest War Zero,PS3,2010,Strategy,Ghostlight,0.12,50,8,6.7,38,T
Fat Princess: Fistful of Cake,PSP,2010,Action,Sony Computer Entertainment,0.12,74,33,8.7,25,T
Tom Clancys Ghost Recon,Wii,2010,Shooter,Ubisoft,0.12,46,21,6.8,8,T
PixelJunk Monsters Deluxe,PSP,2010,Strategy,Sony Computer Entertainment,0.12,86,27,7.9,32,E
Megamind: Ultimate Showdown,X360,2010,Action,THQ,0.12,33,7,4.3,6,E10+
Venetica,PS3,2010,Role-Playing,DTP Entertainment,0.12,47,14,6.5,6,T
WRC: FIA World Rally Championship,X360,2010,Racing,Black Bean Games,0.12,66,24,6,4,E10+
Split/Second,PSP,2010,Racing,Disney Interactive Studios,0.12,63,16,6.7,15,E10+
Power Gig: Rise of the SixString,X360,2010,Misc,Unknown,0.12,36,20,2.1,17,T
naild,PS3,2010,Racing,Deep Silver,0.12,66,36,6.2,13,E10+
Puzzle Quest 2,DS,2010,Puzzle,D3Publisher,0.12,74,27,5.8,11,E10+
Lost in Shadow,Wii,2010,Platform,Konami Digital Entertainment,0.12,68,38,8.7,18,E10+
Lost Horizon,PC,2010,Adventure,Deep Silver,0.11,77,24,7.9,27,T
Blood Drive,X360,2010,Racing,Activision,0.11,40,21,6.5,10,M
BlazBlue: Calamity Trigger Portable,PSP,2010,Fighting,PQube,0.11,82,14,7.8,18,T
Dementium II,DS,2010,Shooter,SouthPeak Games,0.11,75,25,8.3,31,M
Shrek: Forever After,X360,2010,Platform,Activision,0.11,62,22,6.2,9,E10+
John Dalys ProStroke Golf,PS3,2010,Sports,O-Games,0.11,58,23,4.1,8,E
Truth or Lies,X360,2010,Misc,THQ,0.11,28,6,5.2,6,T
Cabelas North American Adventures,X360,2010,Sports,Activision,0.11,51,5,9,4,T
Tom Clancys Splinter Cell: Conviction,PC,2010,Action,Ubisoft,0.11,83,20,5.2,675,M
Lucha Libre AAA: Heroes del Ring,PS3,2010,Fighting,Konami Digital Entertainment,0.11,54,6,7.4,11,T
Sakura Wars: So Long  My Love,Wii,2010,Role-Playing,Ackkstudios,0.1,75,30,7.3,31,T
Harry Potter and the Deathly Hallows - Part 1,PC,2010,Action,Electronic Arts,0.1,37,5,4.1,33,T
naild,X360,2010,Racing,Deep Silver,0.1,64,49,7.1,16,E10+
Phantom Brave: The Hermuda Triangle,PSP,2010,Role-Playing,Nippon Ichi Software,0.1,65,16,7.3,11,T
Disgaea Infinite,PSP,2010,Adventure,Nippon Ichi Software,0.1,64,15,4.4,40,T
MySims SkyHeroes,X360,2010,Action,Electronic Arts,0.1,56,15,5.5,4,E10+
Arcania: Gothic 4,X360,2010,Role-Playing,JoWood Productions,0.09,64,21,5.2,52,T
Last Rebellion,PS3,2010,Role-Playing,Nippon Ichi Software,0.09,44,30,4.6,34,T
Quantum Theory,X360,2010,Shooter,Tecmo Koei,0.09,37,39,3.8,33,M
Knights in the Nightmare,PSP,2010,Role-Playing,Atlus,0.09,75,10,7.7,7,T
Bejeweled 3,PC,2010,Puzzle,PopCap Games,0.09,82,27,8.1,88,E
Rock Band 3,DS,2010,Misc,MTV Games,0.09,79,8,5.5,6,E10+
Data East Arcade Classics,Wii,2010,Misc,Majesco Entertainment,0.09,56,7,8.2,5,T
Emergency 2012,PC,2010,Simulation,Deep Silver,0.08,61,9,6.2,12,T
Legend of the Guardians: The Owls of GaHoole,X360,2010,Action,Warner Bros. Interactive Entertainment,0.07,60,13,8,5,E10+
Blood Drive,PS3,2010,Racing,Activision,0.07,47,11,7,5,M
TRON: Evolution,PC,2010,Action,Disney Interactive Studios,0.07,57,11,6,25,T
Tournament of Legends,Wii,2010,Fighting,Sega,0.06,45,38,6.9,11,T
Blur,PC,2010,Racing,Activision,0.06,81,24,7.4,177,E10+
Create,PC,2010,Action,Electronic Arts,0.06,54,7,6.8,9,E
Ivy the Kiwi?,Wii,2010,Puzzle,Rising Star Games,0.06,74,30,7.2,12,E
F1 2010,PC,2010,Racing,Codemasters,0.05,84,15,6.6,100,E
Front Mission Evolved,PC,2010,Shooter,Square Enix,0.05,63,13,5.1,48,T
Lucha Libre AAA: Heroes del Ring,X360,2010,Fighting,Konami Digital Entertainment,0.05,49,11,6.6,13,T
Tom Clancys HAWX 2,PC,2010,Action,Ubisoft,0.05,66,12,3.8,47,T
TNA iMPACT: Cross the Line,PSP,2010,Fighting,SouthPeak Games,0.05,50,6,6.5,4,T
DoDonPachi Resurrection,X360,2010,Shooter,Rising Star Games,0.05,77,10,8.6,16,
MorphX,X360,2010,Shooter,505 Games,0.05,33,4,6.6,15,M
Ivy the Kiwi?,DS,2010,Puzzle,Rising Star Games,0.05,69,20,6.3,4,E
Singularity,PC,2010,Shooter,Mastertronic,0.05,76,36,7.8,327,M
Worms Reloaded,PC,2010,Strategy,Team17 Software,0.05,79,28,6.8,185,E10+
Ship Simulator Extremes,PC,2010,Simulation,Paradox Interactive,0.05,49,5,6.2,27,E
Rock of the Dead,X360,2010,Shooter,Conspiracy Entertainment,0.05,48,7,4.8,4,T
Attack of the Movies 3D,X360,2010,Shooter,Majesco Entertainment,0.04,38,8,1.7,10,T
Split/Second,PC,2010,Racing,Disney Interactive Studios,0.04,79,18,8.2,116,E10+
The Kore Gang,Wii,2010,Platform,Flashpoint Games,0.04,70,10,8.6,7,E10+
Patrician IV,PC,2010,Strategy,Kalypso Media,0.04,66,18,6.5,35,E
CSI: Fatal Conspiracy,PC,2010,Adventure,Ubisoft,0.04,47,5,5.5,6,M
LEGO Harry Potter: Years 1-4,PC,2010,Action,Warner Bros. Interactive Entertainment,0.03,79,15,7.8,60,E10+
Alpha Protocol,PC,2010,Role-Playing,Sega,0.03,72,25,7.5,511,M
Apache: Air Assault,PC,2010,Simulation,Just Flight,0.03,64,7,7.5,18,T
Prince of Persia: The Forgotten Sands,PC,2010,Action,Ubisoft,0.03,75,16,6.6,220,T
Jikandia: The Timeless Land,PSP,2010,Role-Playing,Idea Factory,0.03,60,5,7.2,5,T
Star Wars: The Force Unleashed II,PC,2010,Action,LucasArts,0.03,59,14,5.8,164,T
Commander: Conquest of the Americas,PC,2010,Strategy,Paradox Interactive,0.03,68,16,5.2,19,T
Age of Conan: Rise of the Godslayer,PC,2010,Role-Playing,Funcom,0.03,83,14,8.4,52,M
Divinity II: Flames of Vengeance,PC,2010,Role-Playing,DTP Entertainment,0.03,72,4,8.3,15,M
Lost Planet 2,PC,2010,Shooter,Capcom,0.03,63,15,6.3,87,T
Cities XL 2011,PC,2010,Simulation,Focus Home Interactive,0.02,70,17,5.7,39,E
Star Trek Online,PC,2010,Role-Playing,Atari,0.02,66,34,6.2,695,T
Darksiders,PS3,2010,Action,THQ,0.02,82,73,7.9,321,M
James Bond 007: Blood Stone,PC,2010,Shooter,Activision,0.02,63,17,7.1,72,T
Blood Bowl: Legendary Edition,PC,2010,Sports,Focus Home Interactive,0.02,73,13,6.4,75,T
Disciples III: Renaissance,PC,2010,Strategy,Kalypso Media,0.02,56,36,5.4,105,T
Dark Void,PC,2010,Action,Capcom,0.02,57,22,5.1,67,T
Achtung Panzer: Kharkov 1943,PC,2010,Strategy,Mamba Games,0.02,70,6,8.3,20,
The Eye of Judgment: Legends,PSP,2010,Strategy,Sony Computer Entertainment,0.01,69,17,7.9,16,E10+
Burn Zombie Burn!,PC,2010,Shooter,P2 Games,0.01,72,4,4.4,16,M
The Ball,PC,2010,Shooter,Iceberg Interactive,0.01,68,22,6.4,57,M
naild,PC,2010,Racing,Deep Silver,0.01,69,13,7.7,47,E10+
Greed Corp,PC,2010,Strategy,DTP Entertainment,0.01,76,7,7.1,44,E
Dawn of Discovery: Venice,PC,2010,Simulation,Ubisoft,0.01,78,16,8.3,15,T
